Feature_Selection,Optimizer,Loss_Function,Activation_Function,Total_Train_Time,Last_Train_Loss,Last_Val_Loss,Cost_Benefit,Pareto
DecisionTree_30pct_03,Adam,SmoothL1Loss,PReLU,983.0,6849617.0,7579711.0,7710.794506612411,False
DecisionTree_30pct_03,AdamW,MSE,ReLU,1013.0,825553984684032.0,1957014464888832.0,1931899767906.0532,False
DecisionTree_30pct_03,Adam,MAE,PReLU,926.0,6918671.0,7492977.0,8091.767818574514,True
DecisionTree_30pct_03,Adam,MAE,ELU,938.0,9432397.0,9707026.0,10348.641791044776,False
DecisionTree_30pct_03,Adam,MAE,ReLU,963.0,9601257.0,10562797.0,10968.63655244029,False
DecisionTree_30pct_03,Adam,SmoothL1Loss,ReLU,988.0,9530530.0,10358046.0,10483.852226720648,False
DecisionTree_30pct_03,AdamW,MSE,ELU,1012.0,951895346642944.0,1804948329201664.0,1783545779843.5415,False
DecisionTree_30pct_03,Adam,SmoothL1Loss,LeakyReLU,999.0,9056374.0,10224204.0,10234.43843843844,False
DecisionTree_30pct_03,AdamW,SmoothL1Loss,LeakyReLU,1046.0,9035747.0,10083751.0,9640.297323135756,False
DecisionTree_30pct_03,Adam,MSE,ReLU,995.0,758109509255168.0,1991389906731008.0,2001396891186.9426,False
DecisionTree_30pct_03,AdamW,MAE,LeakyReLU,985.0,9015444.0,10034798.0,10187.612182741117,False
DecisionTree_30pct_03,Adam,MSE,ELU,951.0,873868071796736.0,1819452433760256.0,1913199194279.9749,False
DecisionTree_30pct_03,Adam,SmoothL1Loss,ELU,995.0,10221263.0,10166107.0,10217.19296482412,False
DecisionTree_30pct_03,AdamW,MAE,PReLU,1014.0,6744214.5,7526987.5,7423.06459566075,False
DecisionTree_30pct_03,Adam,MSE,LeakyReLU,968.0,771720126398464.0,1999067429208064.0,2065152302900.8926,False
DecisionTree_30pct_03,AdamW,MSE,LeakyReLU,989.0,811629163839488.0,1964239673622528.0,1986086626514.184,False
DecisionTree_30pct_03,AdamW,MAE,ELU,986.0,9868046.0,9907636.0,10048.312373225152,False
DecisionTree_30pct_03,AdamW,MSE,PReLU,986.0,101159884816384.0,759154394267648.0,769933462746.0933,False
DecisionTree_30pct_03,AdamW,SmoothL1Loss,ReLU,994.0,9559920.0,10299096.0,10361.263581488935,False
DecisionTree_30pct_03,AdamW,SmoothL1Loss,ELU,1019.0,10470429.0,10419114.0,10224.842001962708,False
DecisionTree_30pct_03,Adam,MAE,LeakyReLU,964.0,9216931.0,10246916.0,10629.58091286307,False
DecisionTree_30pct_03,AdamW,MAE,ReLU,983.0,9561322.0,10280076.0,10457.859613428282,False
DecisionTree_30pct_03,AdamW,SmoothL1Loss,PReLU,995.0,6867080.5,7379011.5,7416.091959798995,True
DecisionTree_30pct_03,Adam,MSE,PReLU,986.0,104083818020864.0,811256508317696.0,822775363405.3712,False
DecisionTree_50pct_03,AdamW,SmoothL1Loss,LeakyReLU,1886.0,6478299.5,9575797.0,5077.304878048781,False
DecisionTree_50pct_03,Adam,SmoothL1Loss,LeakyReLU,1791.0,6605879.5,9757600.0,5448.129536571748,False
DecisionTree_50pct_03,AdamW,MSE,ELU,1929.0,221777028448256.0,1751362572386304.0,907912168162.9363,False
DecisionTree_50pct_03,AdamW,MSE,ReLU,1796.0,145608753020928.0,1783224384618496.0,992886628406.735,False
DecisionTree_50pct_03,Adam,MAE,ReLU,1689.0,7035284.5,9824042.0,5816.484310242748,False
DecisionTree_50pct_03,Adam,MAE,ELU,1687.0,7185001.0,8748658.0,5185.926496739775,False
DecisionTree_50pct_03,Adam,MAE,PReLU,1672.0,5531978.5,7395034.5,4422.867523923445,False
DecisionTree_50pct_03,Adam,MSE,ReLU,1796.0,142645997338624.0,1850646378577920.0,1030426714130.245,False
DecisionTree_50pct_03,Adam,SmoothL1Loss,ReLU,1795.0,6978743.5,9727761.0,5419.365459610028,False
DecisionTree_50pct_03,AdamW,MAE,LeakyReLU,1903.0,6580684.0,9475553.0,4979.271150814503,False
DecisionTree_50pct_03,AdamW,MAE,ELU,1818.0,7581361.5,9002874.0,4952.075907590759,False
DecisionTree_50pct_03,Adam,MSE,PReLU,1660.0,58228318666752.0,966993767301120.0,582526365844.0482,False
DecisionTree_50pct_03,AdamW,MAE,PReLU,1760.0,5930820.0,7203900.5,4093.125284090909,True
DecisionTree_50pct_03,Adam,MSE,LeakyReLU,1823.0,132792595775488.0,1782881995194368.0,977993414807.6621,False
DecisionTree_50pct_03,AdamW,MSE,LeakyReLU,1789.0,127113113894912.0,1731337287368704.0,967768187461.545,False
DecisionTree_50pct_03,AdamW,MSE,PReLU,1906.0,51298342797312.0,923653386534912.0,484603035957.4565,False
DecisionTree_50pct_03,AdamW,SmoothL1Loss,ReLU,1862.0,6989741.0,9631930.0,5172.894736842105,False
DecisionTree_50pct_03,AdamW,SmoothL1Loss,ELU,1810.0,7692134.5,9116034.0,5036.482872928177,False
DecisionTree_50pct_03,Adam,MAE,LeakyReLU,1718.0,6411169.0,9723850.0,5659.982537834691,False
DecisionTree_50pct_03,AdamW,MAE,ReLU,1873.0,6919479.0,9622023.0,5137.225306994127,False
DecisionTree_50pct_03,Adam,SmoothL1Loss,ELU,1930.0,7321802.5,9043053.0,4685.519689119171,False
DecisionTree_50pct_03,Adam,MSE,ELU,1742.0,207915105386496.0,1736637545447424.0,996921667880.2664,False
DecisionTree_50pct_03,AdamW,SmoothL1Loss,PReLU,1832.0,5921918.0,7201898.5,3931.1673034934497,True
DecisionTree_50pct_03,Adam,SmoothL1Loss,PReLU,1684.0,5833027.0,7562236.0,4490.638954869359,False
DecisionTree_70pct_03,AdamW,MAE,ReLU,3119.0,4767682.0,9639659.0,3090.624879769157,False
DecisionTree_70pct_03,AdamW,SmoothL1Loss,ELU,2750.0,6005640.5,8940010.0,3250.9127272727274,False
DecisionTree_70pct_03,AdamW,SmoothL1Loss,ReLU,2857.0,4734303.0,9592706.0,3357.6149807490374,False
DecisionTree_70pct_03,AdamW,MSE,PReLU,2550.0,36175427403776.0,1034142426857472.0,405546049748.02826,False
DecisionTree_70pct_03,AdamW,MAE,ELU,2987.0,5872607.5,9017592.0,3018.946099765651,False
DecisionTree_70pct_03,AdamW,MSE,LeakyReLU,2704.0,34988336611328.0,1762290177146880.0,651734532968.5208,False
DecisionTree_70pct_03,Adam,MSE,LeakyReLU,2700.0,36302024081408.0,1824874964189184.0,675879616366.3645,False
DecisionTree_70pct_03,AdamW,MAE,PReLU,2922.0,2704609.75,8269930.5,2830.2294661190963,False
DecisionTree_70pct_03,Adam,MSE,PReLU,2615.0,30373805293568.0,1077134848163840.0,411906251687.89294,False
DecisionTree_70pct_03,Adam,MSE,ELU,2566.0,41322991845376.0,1794949376901120.0,699512617654.3726,False
DecisionTree_70pct_03,Adam,MAE,LeakyReLU,2528.0,4496727.0,9765030.0,3862.7492088607596,False
DecisionTree_70pct_03,AdamW,MAE,LeakyReLU,3029.0,4447490.5,9456170.0,3121.878507758336,False
DecisionTree_70pct_03,AdamW,SmoothL1Loss,LeakyReLU,2908.0,4524224.5,9444445.0,3247.745873452545,False
DecisionTree_70pct_03,Adam,SmoothL1Loss,LeakyReLU,2977.0,4532106.0,9685719.0,3253.516627477326,False
DecisionTree_70pct_03,AdamW,MSE,ELU,2561.0,35661067321344.0,1748663588093952.0,682804993398.6537,False
DecisionTree_70pct_03,Adam,SmoothL1Loss,ReLU,2856.0,4789226.5,9917159.0,3472.3946078431372,False
DecisionTree_70pct_03,Adam,MAE,ReLU,2490.0,4832620.5,9797961.0,3934.9240963855423,False
DecisionTree_70pct_03,Adam,MAE,ELU,2468.0,5314507.5,9038182.0,3662.14829821718,False
DecisionTree_70pct_03,Adam,MAE,PReLU,2139.0,2936505.25,8409223.0,3931.380551659654,False
DecisionTree_70pct_03,AdamW,MSE,ReLU,2644.0,43546727940096.0,1800029652123648.0,680797901710.9108,False
DecisionTree_70pct_03,Adam,SmoothL1Loss,ELU,2743.0,5056569.5,9116665.0,3323.6110098432373,False
DecisionTree_70pct_03,Adam,MSE,ReLU,2654.0,42572835717120.0,1869911991255040.0,704563674172.9615,False
DecisionTree_70pct_03,AdamW,SmoothL1Loss,PReLU,2602.0,2700452.0,8160574.5,3136.26998462721,False
DecisionTree_70pct_03,Adam,SmoothL1Loss,PReLU,2441.0,2925831.75,8707713.0,3567.2728390004095,False
GradientBoosting_30pct_03,AdamW,SmoothL1Loss,PReLU,1277.0,6743168.5,7265525.0,5689.526233359436,False
GradientBoosting_30pct_03,AdamW,MSE,ReLU,1178.0,869584647225344.0,1737176429625344.0,1474682877440.8694,False
GradientBoosting_30pct_03,Adam,MAE,PReLU,1140.0,6860457.0,7313295.5,6415.17149122807,True
GradientBoosting_30pct_03,Adam,MAE,ELU,1136.0,11396408.0,11085945.0,9758.75440140845,False
GradientBoosting_30pct_03,Adam,MAE,ReLU,1139.0,9563927.0,10072334.0,8843.137840210711,False
GradientBoosting_30pct_03,Adam,SmoothL1Loss,ReLU,1230.0,9660828.0,10123466.0,8230.460162601627,False
GradientBoosting_30pct_03,AdamW,MSE,ELU,1170.0,680734801002496.0,1408963350364160.0,1204242179798.4272,False
GradientBoosting_30pct_03,Adam,SmoothL1Loss,LeakyReLU,1161.0,9076776.0,9835289.0,8471.394487510766,False
GradientBoosting_30pct_03,AdamW,SmoothL1Loss,LeakyReLU,1220.0,9133604.0,9806253.0,8037.912295081967,False
GradientBoosting_30pct_03,Adam,MSE,ReLU,1156.0,858737505992704.0,1774625189003264.0,1535142897061.647,False
GradientBoosting_30pct_03,Adam,SmoothL1Loss,PReLU,1177.0,6816288.5,7335102.5,6232.032710280374,False
GradientBoosting_30pct_03,AdamW,MAE,LeakyReLU,1248.0,9115626.0,9942400.0,7966.666666666667,False
GradientBoosting_30pct_03,Adam,MSE,PReLU,1163.0,124399231434752.0,708650746249216.0,609329962381.0972,False
GradientBoosting_30pct_03,AdamW,MAE,PReLU,1163.0,6865209.0,7253843.0,6237.182287188306,True
GradientBoosting_30pct_03,Adam,MSE,LeakyReLU,1167.0,832585651453952.0,1765181495443456.0,1512580544510.245,False
GradientBoosting_30pct_03,AdamW,MSE,LeakyReLU,1179.0,876527663185920.0,1730236433563648.0,1467545745176.9702,False
GradientBoosting_30pct_03,AdamW,MAE,ELU,1159.0,11722780.0,11270050.0,9723.943054357205,False
GradientBoosting_30pct_03,AdamW,MSE,PReLU,1173.0,114524623470592.0,680059148959744.0,579760570298.162,False
GradientBoosting_30pct_03,AdamW,SmoothL1Loss,ReLU,1221.0,9387103.0,9893790.0,8103.022113022113,False
GradientBoosting_30pct_03,AdamW,SmoothL1Loss,ELU,790.0,12921179.0,12533217.0,15864.83164556962,False
GradientBoosting_30pct_03,Adam,MAE,LeakyReLU,1145.0,9110582.0,9861275.0,8612.467248908297,False
GradientBoosting_30pct_03,Adam,MSE,ELU,1217.0,654933657387008.0,1366188697321472.0,1122587261562.4255,False
GradientBoosting_30pct_03,Adam,SmoothL1Loss,ELU,873.0,12619503.0,12207938.0,13983.892325315006,False
GradientBoosting_30pct_03,AdamW,MAE,ReLU,1171.0,9519550.0,10017351.0,8554.526900085397,False
GradientBoosting_50pct_03,AdamW,MAE,ReLU,2114.0,6944789.5,9108849.0,4308.821665089877,False
GradientBoosting_50pct_03,AdamW,MSE,ReLU,2203.0,171193705431040.0,1507259850948608.0,684185134338.9052,False
GradientBoosting_50pct_03,Adam,MAE,PReLU,2087.0,5531086.0,6882549.5,3297.8195975083854,True
GradientBoosting_50pct_03,Adam,MAE,ELU,2085.0,9503603.0,9635113.0,4621.1573141486815,False
GradientBoosting_50pct_03,Adam,MAE,ReLU,2081.0,6998023.5,9205125.0,4423.414223930802,False
GradientBoosting_50pct_03,Adam,SmoothL1Loss,ReLU,2272.0,7110416.0,9285899.0,4087.1034330985917,False
GradientBoosting_50pct_03,AdamW,MSE,ELU,2156.0,305463879008256.0,1215819879022592.0,563923877097.6771,False
GradientBoosting_50pct_03,Adam,SmoothL1Loss,LeakyReLU,2400.0,6576106.5,9055485.0,3773.11875,False
GradientBoosting_50pct_03,AdamW,SmoothL1Loss,LeakyReLU,2414.0,6543636.5,8993751.0,3725.6632145816075,False
GradientBoosting_50pct_03,Adam,MSE,ReLU,2166.0,223734292021248.0,1636406698967040.0,755497090935.8448,False
GradientBoosting_50pct_03,Adam,SmoothL1Loss,ELU,2213.0,9358472.0,9451769.0,4271.020786262991,False
GradientBoosting_50pct_03,AdamW,MAE,LeakyReLU,2136.0,6549983.5,8889886.0,4161.931647940075,False
GradientBoosting_50pct_03,Adam,MSE,PReLU,2137.0,54564619288576.0,808846561902592.0,378496285401.3065,False
GradientBoosting_50pct_03,AdamW,MAE,PReLU,2009.0,5687358.5,7026138.5,3497.3312593330015,True
GradientBoosting_50pct_03,Adam,MSE,LeakyReLU,2190.0,181639837646848.0,1571783815725056.0,717709504897.2859,False
GradientBoosting_50pct_03,AdamW,MSE,LeakyReLU,2320.0,183321149571072.0,1542433217183744.0,664841903958.5104,False
GradientBoosting_50pct_03,AdamW,MAE,ELU,2093.0,9869757.0,10102449.0,4826.779264214047,False
GradientBoosting_50pct_03,AdamW,MSE,PReLU,2177.0,48824907202560.0,791691925651456.0,363661885921.661,False
GradientBoosting_50pct_03,AdamW,SmoothL1Loss,ReLU,2314.0,6825069.5,8961257.0,3872.626188418323,False
GradientBoosting_50pct_03,AdamW,SmoothL1Loss,ELU,2296.0,9596966.0,9591693.0,4177.566637630662,False
GradientBoosting_50pct_03,Adam,MAE,LeakyReLU,2103.0,6639227.0,9095915.0,4325.209224916785,False
GradientBoosting_50pct_03,Adam,MSE,ELU,2122.0,280924583362560.0,1211272582397952.0,570816485578.6768,False
GradientBoosting_50pct_03,AdamW,SmoothL1Loss,PReLU,2213.0,5734847.0,7177848.0,3243.492092182558,False
GradientBoosting_50pct_03,Adam,SmoothL1Loss,PReLU,2228.0,5804589.5,6953919.0,3121.1485637342907,False
GradientBoosting_70pct_03,Adam,SmoothL1Loss,PReLU,3287.0,2393894.0,7334228.0,2231.28323699422,False
GradientBoosting_70pct_03,Adam,SmoothL1Loss,ELU,3230.0,7861888.0,8467292.0,2621.452631578947,False
GradientBoosting_70pct_03,AdamW,MSE,ReLU,3738.0,48401144086528.0,1554195790430208.0,415782715470.8957,False
GradientBoosting_70pct_03,Adam,MAE,PReLU,2570.0,3259685.75,7739651.0,3011.537354085603,False
GradientBoosting_70pct_03,Adam,MAE,ELU,2908.0,8499018.0,8946945.0,3076.6660935350756,False
GradientBoosting_70pct_03,Adam,MAE,ReLU,2934.0,4703863.0,9262247.0,3156.8667348329923,False
GradientBoosting_70pct_03,Adam,SmoothL1Loss,ReLU,3346.0,4693759.0,9147616.0,2733.895995218171,False
GradientBoosting_70pct_03,AdamW,MSE,ELU,3624.0,156257788887040.0,1137237278326784.0,313807196006.287,False
GradientBoosting_70pct_03,Adam,SmoothL1Loss,LeakyReLU,3399.0,4486431.0,8977267.0,2641.1494557222713,False
GradientBoosting_70pct_03,AdamW,SmoothL1Loss,LeakyReLU,3127.0,4567404.0,8806304.0,2816.214902462424,False
GradientBoosting_70pct_03,Adam,MSE,ReLU,3124.0,51266679996416.0,1586335299141632.0,507789788457.62866,False
GradientBoosting_70pct_03,AdamW,MAE,LeakyReLU,3578.0,4547246.5,8891028.0,2484.9155953046393,False
GradientBoosting_70pct_03,Adam,MSE,ELU,3030.0,157395066028032.0,1129574385582080.0,372796826924.7789,False
GradientBoosting_70pct_03,Adam,MSE,PReLU,2750.0,38433711980544.0,931954954338304.0,338892710668.4742,False
GradientBoosting_70pct_03,AdamW,MAE,PReLU,3142.0,3195172.5,7546595.5,2401.844525779758,False
GradientBoosting_70pct_03,Adam,MSE,LeakyReLU,3176.0,51123138330624.0,1553310221860864.0,489077525774.83124,False
GradientBoosting_70pct_03,AdamW,MSE,LeakyReLU,2969.0,47873588723712.0,1529221360910336.0,515062768915.57294,False
GradientBoosting_70pct_03,AdamW,MAE,ELU,3437.0,8508021.0,8860609.0,2578.0066918824555,False
GradientBoosting_70pct_03,AdamW,MSE,PReLU,3582.0,37946417741824.0,883808035405824.0,246735911615.24957,False
GradientBoosting_70pct_03,AdamW,SmoothL1Loss,ReLU,3072.0,4743523.5,8969319.0,2919.7001953125,False
GradientBoosting_70pct_03,AdamW,SmoothL1Loss,ELU,2979.0,8482957.0,8896092.0,2986.2678751258813,False
GradientBoosting_70pct_03,Adam,MAE,LeakyReLU,2979.0,4552314.0,9120763.0,3061.6861362873447,False
GradientBoosting_70pct_03,AdamW,MAE,ReLU,3524.0,4824773.5,9102974.0,2583.1367763904655,False
GradientBoosting_70pct_03,AdamW,SmoothL1Loss,PReLU,2735.0,3100124.0,7561755.5,2764.810054844607,False
RandomForest_30pct_03,Adam,SmoothL1Loss,PReLU,1141.0,6900851.0,7606877.0,6666.851007887818,False
RandomForest_30pct_03,Adam,MSE,LeakyReLU,1088.0,806452587397120.0,2144261080350720.0,1970828198851.7646,False
RandomForest_30pct_03,AdamW,SmoothL1Loss,PReLU,1153.0,6751205.5,7472853.0,6481.225498699046,False
RandomForest_30pct_03,AdamW,MAE,ReLU,1088.0,9615472.0,10433551.0,9589.660845588236,False
RandomForest_30pct_03,Adam,MAE,LeakyReLU,1065.0,9377024.0,10475707.0,9836.344600938966,False
RandomForest_30pct_03,AdamW,SmoothL1Loss,ELU,1107.0,10695827.0,10617598.0,9591.326106594399,False
RandomForest_30pct_03,AdamW,SmoothL1Loss,ReLU,1102.0,9760306.0,10539661.0,9564.120689655172,False
RandomForest_30pct_03,AdamW,MSE,PReLU,1092.0,108718255505408.0,1001308408512512.0,916949092044.4249,False
RandomForest_30pct_03,AdamW,MAE,ELU,1127.0,10467144.0,10432156.0,9256.57142857143,False
RandomForest_30pct_03,AdamW,MSE,LeakyReLU,1106.0,814971520811008.0,2061443239247872.0,1863872729880.5352,False
RandomForest_30pct_03,Adam,SmoothL1Loss,ELU,1084.0,10299774.0,10393253.0,9587.871771217711,False
RandomForest_30pct_03,AdamW,MSE,ReLU,1086.0,867666944327680.0,2155512284053504.0,1984817941117.407,False
RandomForest_30pct_03,AdamW,MAE,PReLU,1102.0,6807970.5,7515429.0,6819.808529945553,False
RandomForest_30pct_03,Adam,MAE,ELU,1051.0,10308768.0,10407352.0,9902.333016175071,False
RandomForest_30pct_03,Adam,MAE,PReLU,1059.0,6891560.0,7685012.0,7256.857412653447,False
RandomForest_30pct_03,Adam,MSE,ELU,1076.0,893388698157056.0,2063774466965504.0,1918006010190.9888,False
RandomForest_30pct_03,AdamW,MAE,LeakyReLU,1086.0,9112002.0,10193960.0,9386.703499079189,False
RandomForest_30pct_03,Adam,MSE,ReLU,1104.0,888775500627968.0,2186106141409280.0,1980168606348.9856,False
RandomForest_30pct_03,AdamW,SmoothL1Loss,LeakyReLU,1103.0,9223336.0,10270809.0,9311.703535811423,False
RandomForest_30pct_03,Adam,MSE,PReLU,1088.0,123327393824768.0,1019981785464832.0,937483258699.2941,False
RandomForest_30pct_03,AdamW,MSE,ELU,1141.0,942096378757120.0,2005190173523968.0,1757397172238.3594,False
RandomForest_30pct_03,Adam,SmoothL1Loss,ReLU,1078.0,9794199.0,10655127.0,9884.162337662337,False
RandomForest_30pct_03,Adam,MAE,ReLU,1100.0,9694772.0,10556147.0,9596.497272727273,False
RandomForest_30pct_03,Adam,SmoothL1Loss,LeakyReLU,1083.0,9302156.0,10395261.0,9598.578947368422,False
RandomForest_50pct_03,Adam,SmoothL1Loss,ELU,1965.0,7885081.0,9116268.0,4639.32213740458,False
RandomForest_50pct_03,AdamW,MAE,LeakyReLU,1974.0,6202005.5,9406314.0,4765.103343465045,False
RandomForest_50pct_03,AdamW,MSE,ReLU,2061.0,149956165894144.0,1794364858695680.0,870628267198.2921,False
RandomForest_50pct_03,Adam,MAE,PReLU,1722.0,5775643.0,7288070.0,4232.32868757259,False
RandomForest_50pct_03,Adam,MAE,ELU,1828.0,7858894.5,9270582.0,5071.434354485777,False
RandomForest_50pct_03,Adam,MAE,ReLU,1822.0,6767904.5,9729896.0,5340.228320526893,False
RandomForest_50pct_03,AdamW,MSE,ELU,2001.0,120587749949440.0,1650557676683264.0,824866405139.0625,False
RandomForest_50pct_03,Adam,SmoothL1Loss,LeakyReLU,1888.0,6370152.5,9582615.0,5075.537605932203,False
RandomForest_50pct_03,AdamW,SmoothL1Loss,LeakyReLU,1928.0,6291330.0,9307934.0,4827.766597510374,False
RandomForest_50pct_03,Adam,MSE,ReLU,1912.0,154249304473600.0,1847671308419072.0,966355286830.0586,False
RandomForest_50pct_03,Adam,MSE,PReLU,1887.0,43240921235456.0,1035459773857792.0,548733319479.487,False
RandomForest_50pct_03,Adam,SmoothL1Loss,ReLU,1880.0,6765823.0,9699849.0,5159.49414893617,False
RandomForest_50pct_03,Adam,MSE,ELU,1863.0,120157791846400.0,1580833848688640.0,848542055120.043,False
RandomForest_50pct_03,Adam,MSE,LeakyReLU,1935.0,138468051124224.0,1799673975144448.0,930064069842.092,False
RandomForest_50pct_03,AdamW,MSE,LeakyReLU,2088.0,124834063319040.0,1740270953562112.0,833463100364.9962,False
RandomForest_50pct_03,AdamW,MAE,ELU,1911.0,8181184.0,9158783.0,4792.665096807954,False
RandomForest_50pct_03,AdamW,MSE,PReLU,2033.0,42119595032576.0,991516419948544.0,487710978823.6813,False
RandomForest_50pct_03,AdamW,SmoothL1Loss,ReLU,1916.0,6723528.0,9521465.0,4969.449373695198,False
RandomForest_50pct_03,AdamW,SmoothL1Loss,ELU,2168.0,8207010.0,9280430.0,4280.641143911439,False
RandomForest_50pct_03,Adam,MAE,LeakyReLU,1844.0,6388236.5,9630459.0,5222.591648590022,False
RandomForest_50pct_03,AdamW,MAE,ReLU,1948.0,6581169.5,9556302.0,4905.699178644764,False
RandomForest_50pct_03,AdamW,SmoothL1Loss,PReLU,1914.0,5541635.5,7174363.0,3748.361024033438,True
RandomForest_50pct_03,AdamW,MAE,PReLU,1772.0,5859660.0,7285844.0,4111.650112866817,False
RandomForest_50pct_03,Adam,SmoothL1Loss,PReLU,2045.0,5568732.5,7797899.0,3813.1535452322737,False
RandomForest_70pct_03,Adam,MSE,LeakyReLU,3046.0,35806311874560.0,1734370742239232.0,569392889769.9382,False
RandomForest_70pct_03,AdamW,MSE,LeakyReLU,2842.0,30201910132736.0,1680976648339456.0,591476653180.6671,False
RandomForest_70pct_03,AdamW,MAE,ELU,3335.0,5096235.0,8969617.0,2689.5403298350825,False
RandomForest_70pct_03,AdamW,MSE,PReLU,2729.0,30502333448192.0,1636501993553920.0,599670939374.8333,False
RandomForest_70pct_03,AdamW,MAE,ReLU,3402.0,4436205.5,9761150.0,2869.238683127572,False
RandomForest_70pct_03,AdamW,SmoothL1Loss,ELU,2880.0,5309939.5,8791540.0,3052.6180555555557,False
RandomForest_70pct_03,Adam,MAE,LeakyReLU,2845.0,4266421.0,9834451.0,3456.7490333919154,False
RandomForest_70pct_03,AdamW,MAE,PReLU,2828.0,3346717.5,8414862.0,2975.552333804809,False
RandomForest_70pct_03,AdamW,SmoothL1Loss,PReLU,2273.0,3900364.25,8476182.0,3729.0725912890452,False
RandomForest_70pct_03,AdamW,SmoothL1Loss,ReLU,2987.0,4611501.5,9806340.0,3283.0063608972214,False
RandomForest_70pct_03,Adam,MSE,PReLU,2145.0,29998073249792.0,1607239307624448.0,749295714510.2322,False
RandomForest_70pct_03,Adam,SmoothL1Loss,PReLU,2982.0,2307389.0,8409122.0,2819.9604292421195,False
RandomForest_70pct_03,AdamW,MAE,LeakyReLU,3452.0,4364901.5,9604191.0,2782.2106025492467,False
RandomForest_70pct_03,Adam,MSE,ReLU,2887.0,48102983598080.0,1817733775753216.0,629627217094.983,False
RandomForest_70pct_03,AdamW,SmoothL1Loss,LeakyReLU,3036.0,4297413.5,9433063.0,3107.0694993412385,False
RandomForest_70pct_03,Adam,SmoothL1Loss,LeakyReLU,3238.0,4263032.5,9798508.0,3026.0988264360717,False
RandomForest_70pct_03,Adam,SmoothL1Loss,ReLU,3031.0,5005799.0,10130260.0,3342.217090069284,False
RandomForest_70pct_03,Adam,MAE,ReLU,2799.0,4452838.0,9868955.0,3525.886030725259,False
RandomForest_70pct_03,Adam,MAE,ELU,2779.0,5530211.0,8666493.0,3118.5653112630444,False
RandomForest_70pct_03,Adam,MAE,PReLU,2548.0,2438204.5,8397256.0,3295.6263736263736,False
RandomForest_70pct_03,AdamW,MSE,ReLU,2801.0,38419732365312.0,1755454468259840.0,626724194309.1182,False
RandomForest_70pct_03,Adam,SmoothL1Loss,ELU,3090.0,5102125.0,8876233.0,2872.5673139158575,False
RandomForest_70pct_03,Adam,MSE,ELU,2650.0,46035846037504.0,1782843474706432.0,672771122530.729,False
RandomForest_70pct_03,AdamW,MSE,ELU,3504.0,36164908089344.0,1702282504699904.0,485811217094.72144,False
Word2Vec_30pct_03,Adam,SmoothL1Loss,PReLU,568.0,17669462.0,18515854.0,32598.334507042255,False
Word2Vec_30pct_03,AdamW,SmoothL1Loss,PReLU,540.0,17850482.0,18515744.0,34288.414814814816,True
Word2Vec_30pct_03,AdamW,MSE,ELU,718.0,3158795437998080.0,3777042826919936.0,5260505329972.056,False
Word2Vec_30pct_03,Adam,SmoothL1Loss,ELU,749.0,17613326.0,18522416.0,24729.527369826435,False
Word2Vec_30pct_03,AdamW,MSE,ReLU,600.0,3109598735106048.0,3788895057608704.0,6314825096014.507,False
Word2Vec_30pct_03,Adam,MAE,PReLU,505.0,17814770.0,18556024.0,36744.60198019802,True
Word2Vec_30pct_03,Adam,MAE,ELU,749.0,17605458.0,18512928.0,24716.859813084113,False
Word2Vec_30pct_03,Adam,MAE,ReLU,636.0,17613570.0,18529802.0,29134.908805031446,False
Word2Vec_30pct_03,Adam,SmoothL1Loss,ReLU,670.0,17750034.0,18548368.0,27684.13134328358,False
Word2Vec_30pct_03,Adam,SmoothL1Loss,LeakyReLU,698.0,17623548.0,18481006.0,26477.085959885386,False
Word2Vec_30pct_03,AdamW,SmoothL1Loss,LeakyReLU,748.0,17617720.0,18502004.0,24735.29946524064,False
Word2Vec_30pct_03,AdamW,MAE,LeakyReLU,718.0,17696128.0,18491328.0,25753.938718662954,False
Word2Vec_30pct_03,Adam,MSE,ELU,661.0,3154280622063616.0,3793858966061056.0,5739574835190.705,False
Word2Vec_30pct_03,Adam,MSE,ReLU,583.0,3123811318759424.0,3794979952525312.0,6509399575515.115,False
Word2Vec_30pct_03,AdamW,MAE,PReLU,565.0,17684642.0,18504848.0,32751.94336283186,True
Word2Vec_30pct_03,Adam,MSE,LeakyReLU,578.0,3179247803826176.0,3798951186661376.0,6572579907718.644,False
Word2Vec_30pct_03,AdamW,MSE,LeakyReLU,673.0,3135328810434560.0,3779909449154560.0,5616507353870.074,False
Word2Vec_30pct_03,AdamW,MAE,ELU,789.0,17651768.0,18427060.0,23354.955640050695,False
Word2Vec_30pct_03,AdamW,MSE,PReLU,413.0,3106059413618688.0,3822541294534656.0,9255547928655.342,True
Word2Vec_30pct_03,AdamW,SmoothL1Loss,ReLU,753.0,17635288.0,18526796.0,24603.978751660026,False
Word2Vec_30pct_03,AdamW,SmoothL1Loss,ELU,793.0,17596818.0,18459470.0,23278.020176544767,False
Word2Vec_30pct_03,Adam,MAE,LeakyReLU,673.0,17708132.0,18503286.0,27493.738484398218,True
Word2Vec_30pct_03,AdamW,MAE,ReLU,729.0,17495190.0,18565914.0,25467.646090534978,False
Word2Vec_30pct_03,Adam,MSE,PReLU,388.0,3119877397151744.0,3826718955536384.0,9862677720454.598,True
Word2Vec_50pct_03,AdamW,MSE,ELU,861.0,673694141644800.0,2225744394584064.0,2585068983256.7524,False
Word2Vec_50pct_03,Adam,MSE,ReLU,908.0,582742504898560.0,2426158037598208.0,2671980217619.172,False
Word2Vec_50pct_03,AdamW,SmoothL1Loss,LeakyReLU,893.0,9805760.0,11770498.0,13180.84882418813,False
Word2Vec_50pct_03,Adam,SmoothL1Loss,LeakyReLU,790.0,9798511.0,11772515.0,14901.917721518987,False
Word2Vec_50pct_03,Adam,SmoothL1Loss,ReLU,827.0,9602391.0,11794413.0,14261.684401451028,False
Word2Vec_50pct_03,Adam,MSE,PReLU,542.0,668671647154176.0,2389882206945280.0,4409376765581.697,False
Word2Vec_50pct_03,Adam,MAE,ELU,746.0,9727274.0,11716562.0,15705.847184986595,False
Word2Vec_50pct_03,Adam,MAE,PReLU,695.0,10211241.0,11817708.0,17003.896402877697,True
Word2Vec_50pct_03,AdamW,MSE,ReLU,966.0,591839446958080.0,2444184820645888.0,2530212029654.1284,False
Word2Vec_50pct_03,AdamW,MAE,LeakyReLU,829.0,9739339.0,11764339.0,14191.0,False
Word2Vec_50pct_03,Adam,MAE,ReLU,840.0,9543594.0,11849514.0,14106.564285714287,False
Word2Vec_50pct_03,Adam,MSE,ELU,805.0,669278713937920.0,2267154590203904.0,2816341105843.359,False
Word2Vec_50pct_03,AdamW,SmoothL1Loss,ELU,814.0,9617995.0,11670915.0,14337.733415233415,True
Word2Vec_50pct_03,Adam,SmoothL1Loss,ELU,810.0,9514426.0,11720040.0,14469.185185185184,False
Word2Vec_50pct_03,Adam,MSE,LeakyReLU,962.0,567831519297536.0,2428824943853568.0,2524766053901.838,False
Word2Vec_50pct_03,AdamW,MSE,LeakyReLU,901.0,641956011048960.0,2414369962983424.0,2679655896762.9565,False
Word2Vec_50pct_03,AdamW,MAE,ELU,891.0,9399774.0,11679180.0,13107.946127946128,False
Word2Vec_50pct_03,AdamW,MSE,PReLU,569.0,707416211587072.0,2388862420647936.0,4198352233124.668,False
Word2Vec_50pct_03,AdamW,SmoothL1Loss,ReLU,858.0,9874525.0,11845533.0,13805.982517482518,False
Word2Vec_50pct_03,Adam,MAE,LeakyReLU,808.0,9714224.0,11791961.0,14594.011138613861,False
Word2Vec_50pct_03,AdamW,MAE,ReLU,770.0,9897847.0,11852023.0,15392.237662337662,False
Word2Vec_50pct_03,AdamW,SmoothL1Loss,PReLU,722.0,10266484.0,11697592.0,16201.650969529086,True
Word2Vec_50pct_03,AdamW,MAE,PReLU,720.0,10357752.0,11745808.0,16313.622222222222,True
Word2Vec_50pct_03,Adam,SmoothL1Loss,PReLU,709.0,10161699.0,11770358.0,16601.35119887165,True
Word2Vec_70pct_03,AdamW,MAE,PReLU,1511.0,5162626.0,8531831.0,5646.479814692257,False
Word2Vec_70pct_03,Adam,MSE,LeakyReLU,1853.0,28677536481280.0,1555770298597376.0,839595412087.089,False
Word2Vec_70pct_03,AdamW,MSE,LeakyReLU,1890.0,27116108251136.0,1509685299511296.0,798775290746.7174,False
Word2Vec_70pct_03,AdamW,MAE,ELU,1219.0,5749033.5,10536474.0,8643.538966365873,False
Word2Vec_70pct_03,Adam,SmoothL1Loss,PReLU,1393.0,5250830.5,8696174.0,6242.766690595837,False
Word2Vec_70pct_03,AdamW,SmoothL1Loss,ReLU,1927.0,3738343.5,9902281.0,5138.703165542293,False
Word2Vec_70pct_03,AdamW,SmoothL1Loss,ELU,1182.0,5692244.5,10649285.0,9009.547377326566,False
Word2Vec_70pct_03,Adam,MAE,LeakyReLU,1831.0,3366907.5,9803089.0,5353.953577280175,False
Word2Vec_70pct_03,Adam,MSE,PReLU,1402.0,41077490843648.0,1016728817500160.0,725198871255.4636,False
Word2Vec_70pct_03,AdamW,MSE,PReLU,1558.0,36171191156736.0,1025961319464960.0,658511758321.5404,False
Word2Vec_70pct_03,Adam,MSE,ELU,1511.0,37278785208320.0,1341764023615488.0,887997368375.5712,False
Word2Vec_70pct_03,AdamW,MAE,ReLU,1848.0,3783065.25,9926853.0,5371.673701298701,False
Word2Vec_70pct_03,Adam,MSE,ReLU,1812.0,31865436110848.0,1575358973345792.0,869403406923.7263,False
Word2Vec_70pct_03,AdamW,SmoothL1Loss,LeakyReLU,2005.0,3553770.25,9817793.0,4896.654862842893,False
Word2Vec_70pct_03,Adam,SmoothL1Loss,LeakyReLU,1824.0,3490720.25,9810503.0,5378.565241228071,False
Word2Vec_70pct_03,AdamW,MSE,ELU,1456.0,44519730970624.0,1291603905871872.0,887090594692.2197,False
Word2Vec_70pct_03,Adam,SmoothL1Loss,ReLU,1782.0,3641949.25,9975196.0,5597.753086419753,False
Word2Vec_70pct_03,Adam,MAE,ReLU,1794.0,3545504.25,9901191.0,5519.058528428093,False
Word2Vec_70pct_03,Adam,MAE,ELU,1017.0,6145245.5,10770731.0,10590.689282202557,False
Word2Vec_70pct_03,Adam,MAE,PReLU,1467.0,4776535.5,8458557.0,5765.8875255623725,False
Word2Vec_70pct_03,AdamW,MSE,ReLU,1937.0,28712078671872.0,1527404455526400.0,788541278020.857,False
Word2Vec_70pct_03,Adam,SmoothL1Loss,ELU,1097.0,5956543.0,10761850.0,9810.255241567913,False
Word2Vec_70pct_03,AdamW,SmoothL1Loss,PReLU,1378.0,5479554.5,8530889.0,6190.775761973875,False
Word2Vec_70pct_03,AdamW,MAE,LeakyReLU,1760.0,3691590.25,9795367.0,5565.549431818182,False
XGBoost_30pct_03,AdamW,MAE,ReLU,1272.0,9391295.0,10026056.0,7882.1194968553455,False
XGBoost_30pct_03,Adam,SmoothL1Loss,ELU,1266.0,10763977.0,10508258.0,8300.36176935229,False
XGBoost_30pct_03,Adam,SmoothL1Loss,PReLU,1268.0,6713836.0,7351123.0,5797.415615141956,False
XGBoost_30pct_03,Adam,MAE,ELU,1250.0,10745745.0,10740180.0,8592.144,False
XGBoost_30pct_03,Adam,MAE,ReLU,1250.0,9567736.0,10251357.0,8201.0856,False
XGBoost_30pct_03,Adam,SmoothL1Loss,ReLU,1269.0,9557647.0,10207509.0,8043.74231678487,False
XGBoost_30pct_03,AdamW,MSE,ELU,1270.0,927209887891456.0,1795042389786624.0,1413419204556.3967,False
XGBoost_30pct_03,Adam,SmoothL1Loss,LeakyReLU,1269.0,8872140.0,9865595.0,7774.306540583137,False
XGBoost_30pct_03,AdamW,SmoothL1Loss,LeakyReLU,1281.0,8907630.0,9756799.0,7616.548790007806,False
XGBoost_30pct_03,Adam,MSE,ReLU,1343.0,719567143829504.0,1932925335502848.0,1439259371186.037,False
XGBoost_30pct_03,AdamW,MAE,LeakyReLU,1271.0,9017380.0,9843900.0,7745.003933910307,False
XGBoost_30pct_03,Adam,MSE,ELU,1260.0,857664972128256.0,1775119244460032.0,1408824797190.5017,False
XGBoost_30pct_03,Adam,MSE,PReLU,1266.0,108280252727296.0,775710553669632.0,612725555821.1943,False
XGBoost_30pct_03,AdamW,SmoothL1Loss,PReLU,1285.0,6656159.0,7427018.5,5779.78093385214,False
XGBoost_30pct_03,AdamW,MAE,PReLU,1350.0,6643285.5,7437762.5,5509.4537037037035,False
XGBoost_30pct_03,Adam,MSE,LeakyReLU,1270.0,701780946059264.0,1903509104492544.0,1498826066529.5623,False
XGBoost_30pct_03,AdamW,MSE,LeakyReLU,1280.0,724641245036544.0,1870272768507904.0,1461150600396.8,False
XGBoost_30pct_03,AdamW,MAE,ELU,1285.0,10345795.0,10251147.0,7977.546303501946,False
XGBoost_30pct_03,AdamW,MSE,PReLU,1268.0,100051330269184.0,732014093271040.0,577298180813.123,False
XGBoost_30pct_03,AdamW,SmoothL1Loss,ReLU,1287.0,9567174.0,10151182.0,7887.476301476301,False
XGBoost_30pct_03,AdamW,SmoothL1Loss,ELU,1384.0,10624450.0,10369384.0,7492.329479768786,False
XGBoost_30pct_03,Adam,MAE,LeakyReLU,1247.0,8882469.0,9838276.0,7889.555733761026,False
XGBoost_30pct_03,Adam,MAE,PReLU,1253.0,6701303.5,7395532.5,5902.26057462091,False
XGBoost_30pct_03,AdamW,MSE,ReLU,1268.0,755905452834816.0,1867703304323072.0,1472952132746.902,False
XGBoost_50pct_03,AdamW,SmoothL1Loss,PReLU,2304.0,5618798.0,7064236.5,3066.0748697916665,False
XGBoost_50pct_03,Adam,MAE,PReLU,2014.0,5666805.5,7009939.5,3480.6055114200594,True
XGBoost_50pct_03,AdamW,MAE,ReLU,2191.0,6904569.0,9203476.0,4200.582382473756,False
XGBoost_50pct_03,Adam,MAE,LeakyReLU,2179.0,6527294.0,9305674.0,4270.616796695732,False
XGBoost_50pct_03,AdamW,SmoothL1Loss,ELU,2272.0,9164174.0,9292320.0,4089.9295774647885,False
XGBoost_50pct_03,AdamW,SmoothL1Loss,ReLU,2333.0,7014521.0,9362248.0,4012.9652807543935,False
XGBoost_50pct_03,AdamW,MSE,PReLU,2198.0,52670006034432.0,886265696223232.0,403214602467.3485,False
XGBoost_50pct_03,AdamW,MAE,ELU,2399.0,9345975.0,9413332.0,3923.85660691955,False
XGBoost_50pct_03,AdamW,MSE,LeakyReLU,2248.0,161290769137664.0,1680179395035136.0,747410762915.9857,False
XGBoost_50pct_03,Adam,MSE,LeakyReLU,2258.0,153532128821248.0,1693187508797440.0,749861607084.783,False
XGBoost_50pct_03,Adam,SmoothL1Loss,PReLU,2311.0,5423221.0,6895534.5,2983.788186932064,False
XGBoost_50pct_03,Adam,MSE,PReLU,2210.0,47898435780608.0,910455623122944.0,411970870191.3774,False
XGBoost_50pct_03,AdamW,MAE,LeakyReLU,2189.0,6469077.5,9014385.0,4118.0379168570125,False
XGBoost_50pct_03,Adam,MSE,ReLU,2229.0,169043386433536.0,1745163189747712.0,782935482165.8645,False
XGBoost_50pct_03,AdamW,SmoothL1Loss,LeakyReLU,2358.0,6397905.0,9047081.0,3836.7603901611537,False
XGBoost_50pct_03,Adam,SmoothL1Loss,LeakyReLU,2374.0,6643043.5,9215397.0,3881.801600673968,False
XGBoost_50pct_03,AdamW,MSE,ELU,2186.0,287814985973760.0,1362617029361664.0,623338073815.9487,False
XGBoost_50pct_03,Adam,SmoothL1Loss,ReLU,2346.0,6921285.5,9421244.0,4015.8755328218244,False
XGBoost_50pct_03,Adam,MAE,ReLU,2177.0,6880808.5,9302322.0,4273.000459347726,False
XGBoost_50pct_03,Adam,MAE,ELU,2174.0,9497851.0,9789483.0,4502.982060717572,False
XGBoost_50pct_03,Adam,MSE,ELU,2188.0,271745281949696.0,1375260339339264.0,628546773006.9762,False
XGBoost_50pct_03,AdamW,MAE,PReLU,2366.0,5697904.5,7020150.5,2967.0965765004225,False
XGBoost_50pct_03,Adam,SmoothL1Loss,ELU,2282.0,9213235.0,9407789.0,4122.606923751096,False
XGBoost_50pct_03,AdamW,MSE,ReLU,2222.0,157659676278784.0,1697881908051968.0,764123270950.4806,False
XGBoost_70pct_03,Adam,MAE,LeakyReLU,3068.0,4443030.0,9149031.0,2982.083116036506,False
XGBoost_70pct_03,AdamW,MSE,ReLU,3809.0,44858815283200.0,1675792354377728.0,439955986972.3623,False
XGBoost_70pct_03,Adam,MAE,PReLU,2569.0,3204990.75,7950670.5,3094.850330868042,False
XGBoost_70pct_03,Adam,MAE,ELU,2990.0,8012252.0,8532940.0,2853.8260869565215,False
XGBoost_70pct_03,Adam,MAE,ReLU,3038.0,4526728.5,9275738.0,3053.238314680711,False
XGBoost_70pct_03,Adam,SmoothL1Loss,ReLU,3344.0,4990739.5,9418875.0,2816.6492224880385,False
XGBoost_70pct_03,AdamW,MSE,ELU,3708.0,153745316904960.0,1301181817159680.0,350912032675.2103,False
XGBoost_70pct_03,Adam,SmoothL1Loss,LeakyReLU,3477.0,4407540.5,9139923.0,2628.680759275237,False
XGBoost_70pct_03,AdamW,SmoothL1Loss,LeakyReLU,1643.0,4508094.5,9039618.0,5501.897748021911,False
XGBoost_70pct_03,Adam,MSE,ReLU,3216.0,49810849660928.0,1717867196186624.0,534162685381.41296,False
XGBoost_70pct_03,AdamW,MAE,LeakyReLU,3667.0,4571908.0,8996781.0,2453.444505044996,False
XGBoost_70pct_03,Adam,MSE,ELU,3119.0,156472453365760.0,1294052842536960.0,414893505141.6993,False
XGBoost_70pct_03,Adam,MSE,PReLU,3040.0,33657051938816.0,1025887164170240.0,337462882950.7368,False
XGBoost_70pct_03,AdamW,MAE,PReLU,2977.0,3510492.75,7721323.5,2593.6592206919718,False
XGBoost_70pct_03,Adam,MSE,LeakyReLU,3264.0,44971755307008.0,1690088824111104.0,517796821112.4706,False
XGBoost_70pct_03,AdamW,MSE,LeakyReLU,3856.0,42524643164160.0,1637734649167872.0,424723716070.5062,False
XGBoost_70pct_03,AdamW,MAE,ELU,3548.0,8322216.0,8706311.0,2453.8644306651636,False
XGBoost_70pct_03,AdamW,MSE,PReLU,3635.0,32255630114816.0,983567106572288.0,270582422715.89767,False
XGBoost_70pct_03,AdamW,SmoothL1Loss,ReLU,1648.0,4546533.5,9231822.0,5601.833737864078,False
XGBoost_70pct_03,AdamW,SmoothL1Loss,ELU,1317.0,13759222.0,13603029.0,10328.799544419135,False
XGBoost_70pct_03,AdamW,MAE,ReLU,3611.0,4742479.5,9412694.0,2606.67238991969,False
XGBoost_70pct_03,AdamW,SmoothL1Loss,PReLU,1487.0,2947873.5,7556644.5,5081.805312710155,False
XGBoost_70pct_03,Adam,SmoothL1Loss,PReLU,3062.0,2933966.0,7849619.5,2563.559601567603,False
XGBoost_70pct_03,Adam,SmoothL1Loss,ELU,3304.0,8067733.0,8521437.0,2579.127421307506,False
allFeatures_02,Adam,MAE,LeakyReLU,2357.0,2911164.75,9896440.0,4198.74416631311,False
allFeatures_02,Adam,MSE,PReLU,1785.0,16797487071232.0,1765333295693824.0,988982238483.935,False
allFeatures_02,Adam,MAE,ReLU,2028.0,4146748.75,10349593.0,5103.349605522682,False
allFeatures_02,Adam,MAE,ELU,2488.0,5294618.5,7376520.0,2964.83922829582,False
allFeatures_02,Adam,MAE,PReLU,2122.0,1664724.5,8815753.0,4154.454759660697,False
allFeatures_02,Adam,MSE,ELU,2585.0,84071124303872.0,1411743536381952.0,546129027613.90796,False
allFeatures_03,Adam,SmoothL1Loss,ELU,2728.0,5344343.5,7634787.5,2798.6757697947214,False
allFeatures_03,Adam,MAE,PReLU,2164.0,1873712.875,8701208.0,4020.890942698706,False
allFeatures_03,Adam,MAE,ELU,2543.0,5050687.0,7547920.0,2968.116397955171,False
allFeatures_03,Adam,MAE,ReLU,2129.0,4001735.75,10432450.0,4900.164396430249,False
allFeatures_03,Adam,SmoothL1Loss,ReLU,2026.0,5232297.0,10581515.0,5222.860315893386,False
allFeatures_03,AdamW,MSE,ELU,2791.0,86334202970112.0,1361120501694464.0,487682014222.30884,False
allFeatures_03,Adam,SmoothL1Loss,LeakyReLU,2001.0,5021087.0,10364536.0,5179.6781609195405,False
allFeatures_03,AdamW,SmoothL1Loss,LeakyReLU,2306.0,4461607.0,10072904.0,4368.1283607979185,False
allFeatures_03,Adam,MSE,ReLU,2218.0,34179177775104.0,2001262694367232.0,902282549308.9414,False
allFeatures_03,AdamW,MAE,LeakyReLU,2493.0,3442338.25,9855267.0,3953.1756919374247,False
allFeatures_03,Adam,MSE,ELU,2587.0,89799335608320.0,1391168495550464.0,537753573850.19867,False
allFeatures_03,Adam,MSE,LeakyReLU,2444.0,22629266227200.0,1848215158652928.0,756225514997.1063,False
allFeatures_03,AdamW,MAE,PReLU,2005.0,2937665.5,8812518.0,4395.2708229426435,False
allFeatures_03,AdamW,MSE,LeakyReLU,2262.0,28727863934976.0,1852226255454208.0,818844498432.4526,False
allFeatures_03,AdamW,MAE,ELU,2775.0,5514472.0,7598244.0,2738.105945945946,False
allFeatures_03,AdamW,MSE,PReLU,1493.0,32266143137792.0,1856105147793408.0,1243205055454.3926,False
allFeatures_03,AdamW,SmoothL1Loss,ReLU,2551.0,3424692.75,9996605.0,3918.7005096040766,False
allFeatures_03,AdamW,SmoothL1Loss,ELU,2757.0,5676817.5,7712279.5,2797.3447587957926,False
allFeatures_03,Adam,MAE,LeakyReLU,2531.0,2574633.5,9876985.0,3902.4041880679574,False
allFeatures_03,AdamW,MAE,ReLU,2605.0,3306699.5,10075839.0,3867.884452975048,False
allFeatures_03,AdamW,SmoothL1Loss,PReLU,2135.0,2802744.0,8920259.0,4178.107259953162,False
allFeatures_03,Adam,SmoothL1Loss,PReLU,1909.0,3261617.0,8997790.0,4713.352540597171,False
allFeatures_03,Adam,MSE,PReLU,701.0,491837441703936.0,2230075869102080.0,3181277987306.819,False
allFeatures_03,AdamW,MSE,ReLU,2535.0,26801063591936.0,1891457157824512.0,746136945887.3815,False
